Date,Ticker,Name,Tag,Industry,Close_Price,Amount,Daily_Pct
2026-05-27,600584.SH,长电科技,Trap_Warning,半导体,88.19,28784651.037,10.0037
2026-05-27,300308.SZ,中际旭创,Core_Double_Dragon,通信设备,1103.0,25717381.407,0.9149
2026-05-27,688256.SH,寒武纪,Core_Double_Dragon,半导体,1410.96,21675499.047,0.3171
2026-05-27,688041.SH,海光信息,Sub_Pioneer,半导体,341.16,17458131.891,3.4822
2026-05-27,601138.SH,工业富联,Sub_Pioneer,通信设备,69.98,15170852.152,-0.4552
2026-05-27,601899.SH,紫金矿业,Avoid_Thunder,铜,32.9,14319468.465,4.9442
2026-05-27,300750.SZ,宁德时代,Avoid_Thunder,电气设备,402.5,14152427.064,-0.0943
2026-05-27,001309.SZ,德明利,Trap_Warning,半导体,659.1,8963021.515,-5.1655
2026-05-27,300223.SZ,北京君正,Avoid_Thunder,半导体,149.6,8527105.494,5.4115
2026-05-27,300059.SZ,东方财富,Avoid_Thunder,证券,20.05,8433205.167,0.9059
2026-05-27,603993.SH,洛阳钼业,Avoid_Thunder,小金属,20.39,7499332.36,5.4292
2026-05-27,601600.SH,中国铝业,Avoid_Thunder,铝,12.09,6366913.842,10.0091
2026-05-27,300308.SZ,中际旭创,Core_Double_Dragon,通信设备,1103.0,25717381.407,0.9149,5-8天,跌破1050元或回撤5%
2026-05-27,688256.SH,寒武纪,Core_Double_Dragon,半导体,1410.96,21675499.047,0.3171,3-5天,跌破1350元
2026-05-27,688041.SH,海光信息,Sub_Pioneer,半导体,341.16,17458131.891,3.4822,</span> 股价依托20日均线稳步攀升，中期多头排列完好，当前处于缩量洗盘后的突破临界点，乖离率7.42%蓄势充分。</p>
        <p><span class="tag bg-green">⚔️ 事件驱动与资金:</span> 信创集采大单频出，x86架构国产CPU市占率稳步提升，北向资金连续净流入，MACD绿柱缩短（-6.541至-3.789）释放企稳反攻信号。</p>
        <p><span class="tag bg-orange">⚠️ 潜伏与风控底线:</span> 周期:5-10天,跌破320元
2026-05-27,601138.SH,工业富联,Sub_Pioneer,通信设备,69.98,15170852.152,-0.4552,</span> 长期趋势线支撑强劲，近期在60日均线附近构筑坚实双底，乖离率4.75%显示调整极其充分，具备极高的安全边际。</p>
        <p><span class="tag bg-green">⚔️ 事件驱动与资金:</span> 英伟达GB200服务器量产在即，公司作为核心代工厂直接受益，MACD绿柱持续收敛（-0.394至-0.262），主力资金暗中吸筹迹象明显。</p>
        <p><span class="tag bg-orange">⚠️ 潜伏与风控底线:</span> 周期:10-15天,跌破66元
2026-05-27,601899.SH,紫金矿业,Trap_Warning,铜,32.9,14319468.465,4.9442,N/A,N/A
2026-05-27,300750.SZ,宁德时代,Trap_Warning,电气设备,402.5,14152427.064,-0.0943,N/A,N/A
2026-05-27,002281.SZ,光迅科技,Trap_Warning,通信设备,206.72,14026981.441,-7.706,N/A,N/A
2026-05-27,300136.SZ,信维通信,Trap_Warning,元器件,110.33,11046102.066,-6.9965,N/A,N/A
2026-05-27,300059.SZ,东方财富,Trap_Warning,证券,20.05,8433205.167,0.9059,N/A,N/A
2026-05-27,603993.SH,洛阳钼业,Trap_Warning,小金属,20.39,7499332.36,5.4292,N/A,N/A
2026-05-27,601600.SH,中国铝业,Trap_Warning,铝,12.09,6366913.842,10.0091,N/A,N/A
2026-05-27,600030.SH,中信证券,Trap_Warning,证券,26.21,5073749.496,0.0764,N/A,N/A
